dhw_storage,electrical_storage,cooling_or_heating_device
-0.09999999999999998,-0.09999999999999998,-0.09999999999999998
0.0,0.0,0.0
0.0,0.0,0.0
0.0,0.0,0.0
0.0,0.0,0.0
0.0,0.0,0.0
-0.8,0.6000000000000001,0.6000000000000001
0.0,0.0,0.0
-0.8,0.6000000000000001,0.6000000000000001
-0.8,0.10000000000000009,0.10000000000000009
-0.8,0.10000000000000009,0.10000000000000009
-0.8,0.10000000000000009,0.10000000000000009
0.10000000000000009,0.10000000000000009,0.10000000000000009
0.10000000000000009,0.10000000000000009,0.10000000000000009
0.10000000000000009,0.10000000000000009,0.10000000000000009
0.10000000000000009,0.10000000000000009,0.10000000000000009
0.0,0.0,0.0
-0.19999999999999996,-0.19999999999999996,-0.19999999999999996
-0.19999999999999996,-0.19999999999999996,-0.19999999999999996
0.0,0.0,0.0
0.0,0.0,0.0
-0.09999999999999998,-0.09999999999999998,-0.09999999999999998
-0.09999999999999998,-0.09999999999999998,-0.09999999999999998
-0.09999999999999998,-0.09999999999999998,-0.09999999999999998
-0.09999999999999998,-0.09999999999999998,-0.09999999999999998
-0.09999999999999998,-0.09999999999999998,-0.09999999999999998
-0.09999999999999998,-0.09999999999999998,-0.09999999999999998
-0.09999999999999998,-0.09999999999999998,-0.09999999999999998
-0.09999999999999998,-0.09999999999999998,-0.09999999999999998
-0.09999999999999998,-0.09999999999999998,-0.09999999999999998
-0.09999999999999998,-0.09999999999999998,-0.09999999999999998
-0.09999999999999998,-0.09999999999999998,-0.09999999999999998
-0.09999999999999998,-0.09999999999999998,-0.09999999999999998
-0.09999999999999998,-0.09999999999999998,-0.09999999999999998
-0.09999999999999998,-0.09999999999999998,-0.09999999999999998
-0.09999999999999998,-0.09999999999999998,-0.09999999999999998
-0.09999999999999998,-0.09999999999999998,-0.09999999999999998
-0.09999999999999998,-0.09999999999999998,-0.09999999999999998
-0.09999999999999998,-0.09999999999999998,-0.09999999999999998
-0.19999999999999996,-0.09999999999999998,-0.19999999999999996
-0.09999999999999998,-0.09999999999999998,-0.09999999999999998
-0.09999999999999998,-0.09999999999999998,-0.09999999999999998
-0.09999999999999998,-0.09999999999999998,-0.09999999999999998
-0.09999999999999998,-0.09999999999999998,-0.09999999999999998
-0.3999999999999999,-0.3999999999999999,-0.3999999999999999
-0.09999999999999998,-0.09999999999999998,-0.09999999999999998
-0.09999999999999998,-0.09999999999999998,-0.09999999999999998
-0.09999999999999998,-0.09999999999999998,-0.09999999999999998
-0.09999999999999998,-0.09999999999999998,-0.09999999999999998
-0.09999999999999998,-0.09999999999999998,-0.09999999999999998
-0.09999999999999998,-0.09999999999999998,-0.09999999999999998
-0.09999999999999998,-0.09999999999999998,-0.09999999999999998
-0.09999999999999998,-0.09999999999999998,-0.09999999999999998
-0.09999999999999998,-0.09999999999999998,-0.09999999999999998
-0.09999999999999998,-0.09999999999999998,-0.09999999999999998
-0.09999999999999998,-0.09999999999999998,-0.09999999999999998
0.0,0.0,0.0
-0.19999999999999996,-0.19999999999999996,-0.19999999999999996
-0.19999999999999996,-0.19999999999999996,-0.19999999999999996
-0.09999999999999998,-0.09999999999999998,-0.09999999999999998
-0.19999999999999996,-0.19999999999999996,-0.19999999999999996
-0.19999999999999996,-0.19999999999999996,-0.19999999999999996
-0.19999999999999996,-0.19999999999999996,-0.19999999999999996
-0.19999999999999996,-0.19999999999999996,-0.19999999999999996
-0.19999999999999996,-0.19999999999999996,-0.19999999999999996
-0.19999999999999996,-0.19999999999999996,-0.19999999999999996
-0.19999999999999996,-0.19999999999999996,-0.19999999999999996
0.0,0.0,0.0
0.0,0.0,0.0
0.0,-0.19999999999999996,0.0
-0.19999999999999996,-0.19999999999999996,-0.19999999999999996
-0.19999999999999996,-0.19999999999999996,-0.19999999999999996
-0.09999999999999998,-0.09999999999999998,-0.09999999999999998
0.0,0.0,0.0
0.0,0.0,0.0
0.0,0.0,0.0
0.0,0.0,0.0
0.0,0.0,0.0
0.0,0.0,0.0
0.0,0.0,0.0
0.0,0.0,0.0
0.0,0.0,0.0
0.0,0.0,0.10000000000000009
0.10000000000000009,0.0,0.10000000000000009
-0.29999999999999993,-0.29999999999999993,-0.29999999999999993
0.0,-0.29999999999999993,-0.29999999999999993
0.0,0.0,0.0
-0.29999999999999993,-0.29999999999999993,-0.29999999999999993
0.0,0.0,0.0
0.0,0.0,0.0
0.0,0.0,0.0
0.0,0.0,0.0
0.0,0.0,0.0
0.0,0.0,0.0
-0.09999999999999998,-0.09999999999999998,-0.09999999999999998
-0.09999999999999998,-0.09999999999999998,-0.09999999999999998
-0.09999999999999998,-0.09999999999999998,-0.09999999999999998
-0.09999999999999998,-0.09999999999999998,-0.09999999999999998
-0.09999999999999998,-0.09999999999999998,-0.09999999999999998
-0.09999999999999998,-0.09999999999999998,-0.09999999999999998
-0.19999999999999996,-0.19999999999999996,-0.19999999999999996
-0.19999999999999996,-0.19999999999999996,-0.19999999999999996
-0.19999999999999996,-0.19999999999999996,-0.19999999999999996
-0.09999999999999998,-0.09999999999999998,0.0
-0.09999999999999998,-0.09999999999999998,-0.09999999999999998
-0.09999999999999998,-0.09999999999999998,-0.09999999999999998
-0.09999999999999998,-0.09999999999999998,-0.09999999999999998
-0.09999999999999998,-0.09999999999999998,-0.09999999999999998
-0.19999999999999996,-0.19999999999999996,-0.19999999999999996
-0.19999999999999996,-0.19999999999999996,-0.19999999999999996
-0.19999999999999996,-0.19999999999999996,-0.19999999999999996
-0.19999999999999996,-0.19999999999999996,-0.19999999999999996
-0.19999999999999996,-0.19999999999999996,-0.19999999999999996
-0.19999999999999996,-0.19999999999999996,-0.19999999999999996
-0.19999999999999996,-0.19999999999999996,-0.19999999999999996
-0.19999999999999996,-0.19999999999999996,-0.19999999999999996
-0.19999999999999996,-0.19999999999999996,-0.19999999999999996
-0.19999999999999996,-0.19999999999999996,-0.19999999999999996
-0.09999999999999998,-0.09999999999999998,-0.09999999999999998
-0.09999999999999998,-0.09999999999999998,0.0
0.0,0.0,0.0
-0.19999999999999996,-0.19999999999999996,-0.19999999999999996
-0.19999999999999996,-0.19999999999999996,-0.19999999999999996
-0.19999999999999996,-0.19999999999999996,-0.19999999999999996
-0.19999999999999996,-0.19999999999999996,-0.19999999999999996
-0.19999999999999996,-0.19999999999999996,-0.19999999999999996
0.0,0.0,0.0
0.0,0.0,0.0
-0.19999999999999996,-0.19999999999999996,-0.19999999999999996
-0.19999999999999996,-0.19999999999999996,-0.19999999999999996
-0.19999999999999996,-0.19999999999999996,-0.19999999999999996
-0.19999999999999996,-0.19999999999999996,-0.19999999999999996
-0.19999999999999996,-0.19999999999999996,-0.19999999999999996
-0.19999999999999996,-0.19999999999999996,-0.19999999999999996
-0.19999999999999996,-0.19999999999999996,-0.19999999999999996
-0.19999999999999996,-0.19999999999999996,-0.19999999999999996
-0.19999999999999996,-0.19999999999999996,-0.19999999999999996
-0.19999999999999996,-0.19999999999999996,-0.19999999999999996
0.0,0.0,0.0
0.0,0.0,0.0
0.0,0.0,0.0
0.0,0.0,0.0
0.0,0.0,0.0
0.0,0.0,0.0
0.10000000000000009,0.10000000000000009,0.10000000000000009
0.10000000000000009,0.10000000000000009,0.10000000000000009
0.0,0.0,0.0
0.0,0.0,0.0
0.0,0.0,0.0
0.0,0.0,0.0
-0.09999999999999998,-0.09999999999999998,-0.09999999999999998
-0.09999999999999998,-0.09999999999999998,-0.09999999999999998
-0.09999999999999998,-0.09999999999999998,-0.09999999999999998
0.0,0.0,0.0
-0.09999999999999998,-0.09999999999999998,0.0
0.0,0.0,0.0
0.10000000000000009,0.10000000000000009,0.10000000000000009
-0.09999999999999998,-0.09999999999999998,-0.09999999999999998
0.10000000000000009,-0.29999999999999993,-0.29999999999999993
-0.19999999999999996,-0.19999999999999996,-0.19999999999999996
0.10000000000000009,0.10000000000000009,0.10000000000000009
0.0,0.0,0.0
0.0,0.0,0.0
-0.29999999999999993,-0.29999999999999993,-0.29999999999999993
0.0,0.0,0.0
0.0,0.0,0.0
0.10000000000000009,0.10000000000000009,0.10000000000000009
-0.29999999999999993,-0.29999999999999993,-0.29999999999999993
0.0,0.0,0.0
-0.09999999999999998,-0.09999999999999998,-0.09999999999999998
0.0,0.0,0.0
0.0,0.0,0.0
-0.19999999999999996,-0.19999999999999996,-0.19999999999999996
0.0,0.0,0.0
0.0,0.0,0.0
0.0,0.0,0.0
0.0,0.0,0.0
0.0,0.0,0.0
-0.19999999999999996,-0.19999999999999996,-0.19999999999999996
-0.19999999999999996,-0.19999999999999996,-0.19999999999999996
0.0,0.0,0.0
0.10000000000000009,0.10000000000000009,0.10000000000000009
-0.19999999999999996,-0.19999999999999996,-0.19999999999999996
0.0,0.0,0.0
0.0,0.0,0.0
0.0,0.0,0.0
0.0,0.0,0.0
0.0,0.0,0.0
0.0,0.0,0.0
0.0,0.0,0.0
0.0,0.0,0.0
0.0,0.0,0.0
0.0,0.0,0.0
0.0,0.0,0.0
0.0,0.0,0.0
0.0,0.0,0.0
-0.19999999999999996,-0.19999999999999996,-0.19999999999999996
0.0,0.0,0.0
-0.19999999999999996,-0.19999999999999996,-0.19999999999999996
-0.19999999999999996,-0.19999999999999996,-0.19999999999999996
-0.19999999999999996,-0.19999999999999996,-0.19999999999999996
-0.19999999999999996,-0.19999999999999996,-0.19999999999999996
0.0,0.0,0.0
0.0,0.0,0.0
-0.09999999999999998,-0.09999999999999998,-0.09999999999999998
-0.09999999999999998,-0.09999999999999998,-0.09999999999999998
-0.09999999999999998,-0.09999999999999998,-0.09999999999999998
-0.09999999999999998,-0.09999999999999998,-0.09999999999999998
-0.09999999999999998,-0.09999999999999998,-0.09999999999999998
-0.09999999999999998,-0.09999999999999998,-0.09999999999999998
-0.09999999999999998,-0.09999999999999998,-0.09999999999999998
0.0,-0.09999999999999998,0.0
-0.09999999999999998,-0.09999999999999998,-0.09999999999999998
-0.09999999999999998,-0.09999999999999998,-0.09999999999999998
-0.09999999999999998,-0.09999999999999998,-0.09999999999999998
-0.09999999999999998,-0.09999999999999998,-0.09999999999999998
-0.19999999999999996,-0.19999999999999996,-0.19999999999999996
-0.19999999999999996,-0.19999999999999996,-0.19999999999999996
0.0,0.0,0.0
0.0,0.0,0.0
0.0,0.0,0.0
0.0,0.0,0.0
0.0,0.0,0.0
-0.09999999999999998,-0.09999999999999998,-0.09999999999999998
-0.09999999999999998,-0.09999999999999998,-0.09999999999999998
-0.09999999999999998,-0.09999999999999998,-0.09999999999999998
-0.09999999999999998,-0.09999999999999998,-0.09999999999999998
-0.09999999999999998,-0.09999999999999998,-0.09999999999999998
-0.09999999999999998,-0.09999999999999998,-0.09999999999999998
-0.19999999999999996,-0.19999999999999996,-0.19999999999999996
-0.19999999999999996,-0.19999999999999996,-0.19999999999999996
-0.19999999999999996,-0.19999999999999996,-0.19999999999999996
-0.19999999999999996,-0.19999999999999996,-0.19999999999999996
-0.19999999999999996,-0.19999999999999996,-0.19999999999999996
-0.19999999999999996,-0.19999999999999996,-0.19999999999999996
0.0,0.0,0.0
0.0,0.0,0.0
0.0,-0.09999999999999998,0.0
0.0,0.0,0.0
-0.09999999999999998,-0.09999999999999998,-0.09999999999999998
-0.09999999999999998,-0.09999999999999998,-0.09999999999999998
-0.09999999999999998,-0.09999999999999998,-0.09999999999999998
-0.09999999999999998,-0.09999999999999998,-0.09999999999999998
-0.09999999999999998,-0.09999999999999998,-0.09999999999999998
-0.09999999999999998,-0.09999999999999998,-0.09999999999999998
-0.09999999999999998,-0.09999999999999998,-0.09999999999999998
-0.09999999999999998,-0.09999999999999998,-0.09999999999999998
-0.09999999999999998,-0.09999999999999998,-0.09999999999999998
-0.09999999999999998,-0.09999999999999998,-0.09999999999999998
-0.09999999999999998,-0.09999999999999998,-0.09999999999999998
-0.09999999999999998,-0.09999999999999998,-0.09999999999999998
-0.19999999999999996,-0.19999999999999996,-0.19999999999999996
-0.19999999999999996,-0.19999999999999996,-0.19999999999999996
-0.19999999999999996,-0.19999999999999996,-0.19999999999999996
-0.19999999999999996,-0.19999999999999996,-0.19999999999999996
-0.19999999999999996,-0.19999999999999996,-0.19999999999999996
-0.19999999999999996,-0.19999999999999996,-0.19999999999999996
-0.19999999999999996,-0.19999999999999996,-0.19999999999999996
-0.29999999999999993,-0.29999999999999993,-0.29999999999999993
-0.29999999999999993,-0.29999999999999993,-0.29999999999999993
0.0,0.0,0.0
-0.29999999999999993,-0.29999999999999993,-0.29999999999999993
-0.09999999999999998,-0.09999999999999998,-0.09999999999999998
-0.09999999999999998,-0.09999999999999998,-0.09999999999999998
-0.09999999999999998,-0.09999999999999998,-0.09999999999999998
-0.09999999999999998,-0.09999999999999998,-0.09999999999999998
-0.09999999999999998,-0.09999999999999998,-0.09999999999999998
-0.09999999999999998,-0.09999999999999998,-0.09999999999999998
-0.09999999999999998,-0.09999999999999998,-0.09999999999999998
-0.19999999999999996,-0.19999999999999996,-0.19999999999999996
-0.19999999999999996,-0.19999999999999996,0.0
-0.09999999999999998,-0.09999999999999998,-0.09999999999999998
-0.09999999999999998,-0.09999999999999998,-0.09999999999999998
-0.09999999999999998,-0.09999999999999998,-0.09999999999999998
-0.09999999999999998,-0.09999999999999998,-0.09999999999999998
-0.09999999999999998,-0.09999999999999998,-0.09999999999999998
-0.19999999999999996,-0.19999999999999996,-0.19999999999999996
-0.19999999999999996,-0.19999999999999996,-0.19999999999999996
-0.19999999999999996,-0.19999999999999996,-0.19999999999999996
-0.19999999999999996,-0.19999999999999996,-0.19999999999999996
-0.19999999999999996,-0.19999999999999996,-0.19999999999999996
-0.19999999999999996,-0.19999999999999996,-0.19999999999999996
-0.19999999999999996,-0.19999999999999996,-0.19999999999999996
-0.19999999999999996,-0.19999999999999996,-0.19999999999999996
-0.19999999999999996,-0.19999999999999996,-0.19999999999999996
-0.19999999999999996,-0.19999999999999996,-0.19999999999999996
-0.09999999999999998,-0.09999999999999998,-0.09999999999999998
-0.09999999999999998,-0.09999999999999998,-0.09999999999999998
-0.29999999999999993,-0.29999999999999993,-0.29999999999999993
-0.19999999999999996,-0.19999999999999996,-0.19999999999999996
-0.19999999999999996,-0.19999999999999996,-0.19999999999999996
-0.19999999999999996,-0.19999999999999996,-0.19999999999999996
-0.19999999999999996,-0.19999999999999996,-0.19999999999999996
-0.19999999999999996,-0.19999999999999996,-0.19999999999999996
-0.19999999999999996,-0.19999999999999996,-0.19999999999999996
-0.19999999999999996,-0.19999999999999996,-0.19999999999999996
-0.09999999999999998,-0.19999999999999996,-0.19999999999999996
-0.19999999999999996,-0.19999999999999996,-0.19999999999999996
-0.19999999999999996,-0.19999999999999996,-0.19999999999999996
-0.19999999999999996,-0.19999999999999996,-0.19999999999999996
-0.19999999999999996,-0.19999999999999996,-0.19999999999999996
-0.19999999999999996,-0.19999999999999996,-0.19999999999999996
-0.19999999999999996,-0.19999999999999996,-0.19999999999999996
-0.19999999999999996,-0.19999999999999996,-0.19999999999999996
-0.19999999999999996,-0.19999999999999996,-0.19999999999999996
-0.19999999999999996,-0.19999999999999996,-0.19999999999999996
-0.19999999999999996,-0.19999999999999996,-0.19999999999999996
-0.29999999999999993,-0.19999999999999996,-0.29999999999999993
-0.29999999999999993,-0.29999999999999993,-0.29999999999999993
-0.29999999999999993,-0.29999999999999993,-0.29999999999999993
0.0,0.0,0.0
-0.29999999999999993,-0.29999999999999993,-0.29999999999999993
0.10000000000000009,0.10000000000000009,0.10000000000000009
0.10000000000000009,0.10000000000000009,0.10000000000000009
0.10000000000000009,0.10000000000000009,0.10000000000000009
-0.09999999999999998,-0.09999999999999998,-0.09999999999999998
-0.09999999999999998,-0.09999999999999998,-0.09999999999999998
-0.09999999999999998,-0.09999999999999998,-0.09999999999999998
-0.09999999999999998,-0.09999999999999998,-0.09999999999999998
-0.09999999999999998,-0.09999999999999998,-0.09999999999999998
-0.09999999999999998,-0.09999999999999998,-0.09999999999999998
-0.19999999999999996,-0.19999999999999996,-0.19999999999999996
-0.19999999999999996,-0.19999999999999996,-0.19999999999999996
-0.19999999999999996,-0.19999999999999996,-0.19999999999999996
-0.09999999999999998,-0.09999999999999998,-0.19999999999999996
-0.09999999999999998,-0.09999999999999998,-0.09999999999999998
-0.09999999999999998,-0.09999999999999998,-0.09999999999999998
-0.09999999999999998,-0.09999999999999998,-0.09999999999999998
-0.09999999999999998,-0.09999999999999998,-0.09999999999999998
-0.09999999999999998,-0.09999999999999998,-0.09999999999999998
-0.09999999999999998,-0.09999999999999998,-0.09999999999999998
0.0,0.0,0.0
0.0,0.0,0.0
0.0,0.0,0.0
0.0,0.0,0.0
0.0,0.0,0.0
-0.09999999999999998,-0.09999999999999998,-0.09999999999999998
-0.09999999999999998,-0.09999999999999998,-0.09999999999999998
-0.09999999999999998,-0.09999999999999998,-0.09999999999999998
-0.19999999999999996,-0.19999999999999996,-0.19999999999999996
-0.19999999999999996,-0.19999999999999996,-0.19999999999999996
-0.19999999999999996,-0.19999999999999996,-0.19999999999999996
0.0,0.0,0.0
0.0,0.0,0.0
-0.09999999999999998,-0.09999999999999998,-0.09999999999999998
-0.09999999999999998,-0.09999999999999998,-0.09999999999999998
-0.09999999999999998,-0.09999999999999998,-0.09999999999999998
0.10000000000000009,0.10000000000000009,0.10000000000000009
0.10000000000000009,0.10000000000000009,0.10000000000000009
0.10000000000000009,0.10000000000000009,0.10000000000000009
0.10000000000000009,0.10000000000000009,0.10000000000000009
0.10000000000000009,0.10000000000000009,0.10000000000000009
-0.19999999999999996,-0.19999999999999996,-0.19999999999999996
-0.09999999999999998,-0.19999999999999996,-0.09999999999999998
-0.19999999999999996,-0.19999999999999996,-0.19999999999999996
-0.19999999999999996,-0.19999999999999996,-0.19999999999999996
-0.19999999999999996,-0.19999999999999996,-0.19999999999999996
-0.19999999999999996,-0.19999999999999996,-0.19999999999999996
0.0,0.0,0.0
-0.09999999999999998,-0.09999999999999998,-0.09999999999999998
-0.09999999999999998,-0.09999999999999998,-0.09999999999999998
-0.09999999999999998,-0.09999999999999998,-0.09999999999999998
0.0,0.0,0.0
0.0,0.0,0.0
-0.09999999999999998,-0.09999999999999998,0.0
-0.09999999999999998,-0.09999999999999998,-0.09999999999999998
-0.09999999999999998,-0.09999999999999998,0.0
-0.09999999999999998,-0.09999999999999998,-0.09999999999999998
-0.09999999999999998,-0.09999999999999998,-0.09999999999999998
-0.09999999999999998,-0.09999999999999998,-0.09999999999999998
-0.09999999999999998,-0.09999999999999998,-0.09999999999999998
-0.09999999999999998,-0.09999999999999998,-0.09999999999999998
-0.09999999999999998,-0.09999999999999998,-0.09999999999999998
-0.09999999999999998,-0.09999999999999998,-0.09999999999999998
-0.09999999999999998,-0.09999999999999998,-0.09999999999999998
-0.09999999999999998,-0.09999999999999998,-0.09999999999999998
-0.09999999999999998,-0.09999999999999998,-0.09999999999999998
-0.09999999999999998,-0.09999999999999998,-0.09999999999999998
-0.09999999999999998,-0.09999999999999998,-0.09999999999999998
-0.09999999999999998,-0.09999999999999998,-0.09999999999999998
-0.09999999999999998,-0.09999999999999998,-0.09999999999999998
-0.09999999999999998,-0.09999999999999998,-0.09999999999999998
-0.09999999999999998,-0.09999999999999998,-0.09999999999999998
0.0,0.0,0.0
0.0,-0.09999999999999998,0.0
0.0,0.0,0.0
0.0,0.0,0.0
0.0,0.0,0.0
0.0,0.0,0.0
0.0,0.0,0.0
0.0,0.0,0.0
-0.09999999999999998,-0.09999999999999998,-0.09999999999999998
-0.09999999999999998,-0.09999999999999998,-0.09999999999999998
-0.09999999999999998,-0.09999999999999998,-0.09999999999999998
-0.09999999999999998,-0.09999999999999998,-0.09999999999999998
-0.09999999999999998,-0.09999999999999998,-0.09999999999999998
-0.09999999999999998,-0.09999999999999998,-0.09999999999999998
-0.09999999999999998,-0.09999999999999998,-0.09999999999999998
-0.09999999999999998,-0.09999999999999998,-0.09999999999999998
-0.09999999999999998,-0.09999999999999998,-0.09999999999999998
-0.09999999999999998,-0.09999999999999998,-0.09999999999999998
-0.19999999999999996,-0.19999999999999996,-0.19999999999999996
-0.19999999999999996,-0.19999999999999996,-0.19999999999999996
-0.19999999999999996,-0.19999999999999996,-0.19999999999999996
0.0,-0.19999999999999996,0.0
-0.09999999999999998,-0.09999999999999998,-0.09999999999999998
-0.19999999999999996,-0.19999999999999996,-0.19999999999999996
-0.19999999999999996,-0.19999999999999996,-0.19999999999999996
-0.09999999999999998,-0.09999999999999998,-0.09999999999999998
-0.09999999999999998,-0.09999999999999998,-0.09999999999999998
-0.09999999999999998,-0.09999999999999998,-0.09999999999999998
-0.09999999999999998,-0.09999999999999998,-0.09999999999999998
-0.09999999999999998,-0.09999999999999998,-0.09999999999999998
-0.09999999999999998,-0.09999999999999998,-0.09999999999999998
-0.09999999999999998,-0.09999999999999998,-0.09999999999999998
-0.09999999999999998,-0.09999999999999998,-0.09999999999999998
-0.09999999999999998,-0.09999999999999998,-0.09999999999999998
-0.09999999999999998,-0.09999999999999998,-0.09999999999999998
-0.09999999999999998,-0.09999999999999998,-0.09999999999999998
-0.09999999999999998,-0.09999999999999998,-0.09999999999999998
-0.19999999999999996,-0.19999999999999996,-0.19999999999999996
-0.19999999999999996,-0.19999999999999996,-0.19999999999999996
-0.19999999999999996,-0.19999999999999996,-0.19999999999999996
-0.19999999999999996,-0.19999999999999996,-0.19999999999999996
-0.19999999999999996,-0.19999999999999996,-0.19999999999999996
-0.19999999999999996,-0.19999999999999996,-0.19999999999999996
-0.19999999999999996,-0.19999999999999996,-0.19999999999999996
0.0,0.0,0.0
-0.09999999999999998,-0.09999999999999998,-0.09999999999999998
-0.09999999999999998,-0.09999999999999998,-0.09999999999999998
-0.09999999999999998,-0.09999999999999998,-0.09999999999999998
-0.09999999999999998,-0.09999999999999998,-0.09999999999999998
-0.09999999999999998,-0.09999999999999998,-0.09999999999999998
-0.09999999999999998,-0.09999999999999998,-0.09999999999999998
-0.09999999999999998,-0.09999999999999998,-0.09999999999999998
-0.09999999999999998,-0.09999999999999998,-0.09999999999999998
-0.09999999999999998,-0.09999999999999998,-0.09999999999999998
-0.19999999999999996,-0.19999999999999996,-0.19999999999999996
-0.19999999999999996,-0.19999999999999996,-0.19999999999999996
-0.09999999999999998,-0.09999999999999998,-0.09999999999999998
-0.09999999999999998,-0.09999999999999998,-0.09999999999999998
-0.09999999999999998,-0.09999999999999998,-0.09999999999999998
-0.09999999999999998,-0.09999999999999998,-0.09999999999999998
-0.09999999999999998,-0.09999999999999998,-0.09999999999999998
-0.19999999999999996,-0.19999999999999996,-0.19999999999999996
-0.19999999999999996,-0.19999999999999996,-0.19999999999999996
0.10000000000000009,0.10000000000000009,0.10000000000000009
0.10000000000000009,0.10000000000000009,0.10000000000000009
-0.19999999999999996,0.10000000000000009,-0.19999999999999996
-0.19999999999999996,-0.19999999999999996,-0.19999999999999996
-0.19999999999999996,-0.19999999999999996,-0.19999999999999996
-0.19999999999999996,-0.19999999999999996,-0.19999999999999996
-0.19999999999999996,-0.19999999999999996,-0.19999999999999996
-0.19999999999999996,-0.19999999999999996,-0.19999999999999996
-0.29999999999999993,-0.29999999999999993,-0.29999999999999993
-0.09999999999999998,-0.09999999999999998,-0.09999999999999998
-0.29999999999999993,-0.29999999999999993,-0.29999999999999993
-0.19999999999999996,-0.19999999999999996,-0.19999999999999996
-0.19999999999999996,-0.19999999999999996,-0.19999999999999996
-0.19999999999999996,-0.19999999999999996,-0.19999999999999996
-0.19999999999999996,-0.19999999999999996,-0.19999999999999996
-0.19999999999999996,-0.19999999999999996,-0.19999999999999996
-0.19999999999999996,-0.19999999999999996,-0.19999999999999996
-0.19999999999999996,-0.19999999999999996,-0.19999999999999996
-0.09999999999999998,-0.19999999999999996,-0.19999999999999996
-0.19999999999999996,-0.19999999999999996,-0.19999999999999996
-0.19999999999999996,-0.19999999999999996,-0.19999999999999996
-0.19999999999999996,-0.19999999999999996,-0.19999999999999996
-0.19999999999999996,-0.19999999999999996,-0.19999999999999996
-0.19999999999999996,-0.19999999999999996,-0.19999999999999996
-0.19999999999999996,-0.19999999999999996,-0.19999999999999996
-0.19999999999999996,-0.19999999999999996,-0.19999999999999996
-0.19999999999999996,-0.19999999999999996,-0.19999999999999996
-0.19999999999999996,-0.19999999999999996,-0.19999999999999996
-0.19999999999999996,-0.19999999999999996,-0.19999999999999996
0.0,0.0,0.0
-0.29999999999999993,-0.29999999999999993,-0.29999999999999993
-0.29999999999999993,-0.29999999999999993,-0.29999999999999993
-0.29999999999999993,-0.29999999999999993,-0.29999999999999993
-0.29999999999999993,-0.29999999999999993,-0.29999999999999993
0.10000000000000009,0.10000000000000009,0.10000000000000009
0.10000000000000009,0.10000000000000009,0.10000000000000009
0.10000000000000009,0.10000000000000009,0.10000000000000009
-0.09999999999999998,-0.09999999999999998,-0.09999999999999998
-0.09999999999999998,-0.09999999999999998,-0.09999999999999998
-0.09999999999999998,-0.09999999999999998,-0.09999999999999998
-0.09999999999999998,-0.09999999999999998,-0.09999999999999998
-0.09999999999999998,-0.09999999999999998,-0.09999999999999998
-0.09999999999999998,-0.09999999999999998,-0.09999999999999998
-0.09999999999999998,-0.09999999999999998,-0.09999999999999998
-0.09999999999999998,-0.09999999999999998,-0.09999999999999998
-0.09999999999999998,-0.09999999999999998,-0.09999999999999998
-0.09999999999999998,-0.09999999999999998,-0.09999999999999998
-0.09999999999999998,-0.09999999999999998,-0.09999999999999998
-0.09999999999999998,-0.09999999999999998,-0.09999999999999998
-0.09999999999999998,-0.09999999999999998,-0.09999999999999998
-0.09999999999999998,-0.09999999999999998,-0.09999999999999998
-0.09999999999999998,-0.09999999999999998,-0.09999999999999998
-0.09999999999999998,-0.09999999999999998,-0.09999999999999998
-0.29999999999999993,-0.29999999999999993,-0.29999999999999993
-0.29999999999999993,-0.29999999999999993,-0.29999999999999993
-0.29999999999999993,-0.29999999999999993,-0.29999999999999993
0.10000000000000009,0.10000000000000009,0.10000000000000009
0.10000000000000009,0.10000000000000009,0.10000000000000009
-0.09999999999999998,-0.09999999999999998,-0.09999999999999998
-0.09999999999999998,-0.09999999999999998,-0.09999999999999998
-0.09999999999999998,-0.09999999999999998,-0.09999999999999998
-0.19999999999999996,-0.19999999999999996,-0.19999999999999996
-0.19999999999999996,-0.19999999999999996,-0.19999999999999996
-0.19999999999999996,-0.19999999999999996,-0.19999999999999996
0.0,0.0,0.0
0.0,0.0,0.0
-0.3999999999999999,-0.3999999999999999,-0.3999999999999999
-0.3999999999999999,-0.3999999999999999,-0.3999999999999999
-0.3999999999999999,0.10000000000000009,0.10000000000000009
-0.3999999999999999,-0.3999999999999999,-0.3999999999999999
-0.19999999999999996,-0.19999999999999996,-0.19999999999999996
-0.19999999999999996,-0.19999999999999996,-0.19999999999999996
-0.19999999999999996,-0.19999999999999996,-0.19999999999999996
-0.19999999999999996,-0.19999999999999996,-0.19999999999999996
-0.19999999999999996,-0.19999999999999996,-0.19999999999999996
-0.19999999999999996,-0.19999999999999996,-0.19999999999999996
-0.19999999999999996,-0.19999999999999996,-0.19999999999999996
-0.19999999999999996,-0.19999999999999996,-0.19999999999999996
0.0,0.0,0.0
-0.09999999999999998,-0.3999999999999999,-0.3999999999999999
-0.19999999999999996,-0.19999999999999996,-0.19999999999999996
-0.09999999999999998,-0.09999999999999998,-0.09999999999999998
-0.09999999999999998,-0.09999999999999998,-0.09999999999999998
-0.09999999999999998,-0.09999999999999998,-0.09999999999999998
-0.09999999999999998,-0.09999999999999998,-0.09999999999999998
-0.09999999999999998,-0.09999999999999998,-0.09999999999999998
-0.09999999999999998,-0.09999999999999998,-0.09999999999999998
-0.09999999999999998,-0.09999999999999998,-0.09999999999999998
-0.09999999999999998,-0.09999999999999998,-0.09999999999999998
-0.09999999999999998,-0.09999999999999998,-0.09999999999999998
-0.09999999999999998,-0.09999999999999998,-0.09999999999999998
-0.09999999999999998,-0.09999999999999998,-0.09999999999999998
-0.09999999999999998,-0.09999999999999998,-0.09999999999999998
-0.09999999999999998,-0.09999999999999998,-0.09999999999999998
-0.09999999999999998,-0.09999999999999998,-0.09999999999999998
-0.09999999999999998,-0.09999999999999998,-0.09999999999999998
-0.09999999999999998,-0.09999999999999998,-0.09999999999999998
-0.09999999999999998,-0.09999999999999998,-0.09999999999999998
-0.09999999999999998,-0.09999999999999998,-0.09999999999999998
-0.09999999999999998,-0.09999999999999998,-0.09999999999999998
-0.09999999999999998,-0.09999999999999998,-0.09999999999999998
-0.09999999999999998,-0.09999999999999998,-0.09999999999999998
-0.3999999999999999,-0.3999999999999999,-0.3999999999999999
-0.09999999999999998,-0.09999999999999998,-0.09999999999999998
-0.09999999999999998,-0.09999999999999998,-0.09999999999999998
-0.09999999999999998,-0.09999999999999998,-0.09999999999999998
-0.19999999999999996,-0.19999999999999996,-0.19999999999999996
-0.19999999999999996,-0.19999999999999996,-0.19999999999999996
-0.19999999999999996,-0.19999999999999996,-0.19999999999999996
-0.19999999999999996,-0.19999999999999996,-0.19999999999999996
-0.19999999999999996,-0.19999999999999996,-0.19999999999999996
-0.19999999999999996,-0.19999999999999996,0.0
-0.09999999999999998,-0.09999999999999998,-0.09999999999999998
-0.09999999999999998,-0.09999999999999998,-0.09999999999999998
-0.09999999999999998,-0.09999999999999998,-0.09999999999999998
-0.09999999999999998,-0.09999999999999998,-0.09999999999999998
-0.19999999999999996,-0.19999999999999996,-0.19999999999999996
-0.09999999999999998,-0.19999999999999996,-0.19999999999999996
-0.19999999999999996,-0.19999999999999996,-0.19999999999999996
-0.19999999999999996,-0.19999999999999996,-0.19999999999999996
-0.19999999999999996,-0.19999999999999996,-0.19999999999999996
-0.19999999999999996,-0.19999999999999996,-0.19999999999999996
-0.19999999999999996,-0.19999999999999996,-0.19999999999999996
-0.09999999999999998,-0.19999999999999996,-0.19999999999999996
-0.19999999999999996,-0.19999999999999996,-0.19999999999999996
-0.19999999999999996,-0.19999999999999996,-0.19999999999999996
0.0,-0.19999999999999996,0.0
0.0,-0.09999999999999998,0.0
0.0,0.0,0.0
-0.09999999999999998,-0.09999999999999998,-0.09999999999999998
-0.09999999999999998,-0.09999999999999998,-0.09999999999999998
-0.09999999999999998,-0.09999999999999998,-0.09999999999999998
-0.09999999999999998,-0.09999999999999998,-0.09999999999999998
-0.09999999999999998,-0.09999999999999998,-0.09999999999999998
-0.09999999999999998,-0.09999999999999998,-0.09999999999999998
-0.09999999999999998,-0.09999999999999998,-0.09999999999999998
-0.09999999999999998,-0.09999999999999998,-0.09999999999999998
-0.09999999999999998,-0.09999999999999998,-0.09999999999999998
-0.09999999999999998,-0.09999999999999998,-0.09999999999999998
-0.09999999999999998,-0.09999999999999998,-0.09999999999999998
-0.19999999999999996,-0.19999999999999996,-0.19999999999999996
-0.19999999999999996,-0.19999999999999996,-0.19999999999999996
-0.19999999999999996,-0.19999999999999996,-0.19999999999999996
-0.19999999999999996,-0.19999999999999996,-0.19999999999999996
-0.19999999999999996,-0.19999999999999996,-0.19999999999999996
-0.19999999999999996,-0.19999999999999996,-0.19999999999999996
-0.19999999999999996,-0.19999999999999996,-0.19999999999999996
-0.19999999999999996,-0.19999999999999996,-0.19999999999999996
-0.19999999999999996,-0.19999999999999996,-0.19999999999999996
-0.29999999999999993,-0.29999999999999993,-0.29999999999999993
0.0,0.0,0.0
0.0,0.0,0.0
0.0,0.0,0.0
-0.09999999999999998,-0.09999999999999998,-0.09999999999999998
-0.09999999999999998,-0.09999999999999998,-0.09999999999999998
-0.09999999999999998,-0.09999999999999998,-0.09999999999999998
-0.09999999999999998,-0.09999999999999998,-0.09999999999999998
-0.19999999999999996,-0.19999999999999996,-0.19999999999999996
-0.19999999999999996,-0.19999999999999996,-0.19999999999999996
-0.19999999999999996,-0.19999999999999996,-0.19999999999999996
-0.19999999999999996,-0.19999999999999996,-0.19999999999999996
-0.19999999999999996,-0.19999999999999996,-0.19999999999999996
-0.09999999999999998,-0.09999999999999998,-0.09999999999999998
-0.09999999999999998,-0.09999999999999998,-0.09999999999999998
-0.09999999999999998,-0.09999999999999998,-0.09999999999999998
-0.09999999999999998,-0.09999999999999998,-0.09999999999999998
-0.19999999999999996,-0.19999999999999996,-0.19999999999999996
-0.19999999999999996,-0.19999999999999996,-0.19999999999999996
-0.19999999999999996,-0.19999999999999996,-0.19999999999999996
-0.19999999999999996,-0.19999999999999996,-0.19999999999999996
-0.19999999999999996,-0.19999999999999996,-0.19999999999999996
-0.19999999999999996,-0.19999999999999996,-0.19999999999999996
-0.19999999999999996,-0.19999999999999996,-0.19999999999999996
-0.19999999999999996,-0.19999999999999996,-0.19999999999999996
-0.19999999999999996,-0.19999999999999996,-0.19999999999999996
-0.19999999999999996,-0.19999999999999996,-0.19999999999999996
-0.09999999999999998,-0.09999999999999998,-0.09999999999999998
-0.09999999999999998,-0.09999999999999998,-0.09999999999999998
-0.19999999999999996,-0.19999999999999996,-0.19999999999999996
-0.19999999999999996,-0.19999999999999996,-0.19999999999999996
-0.19999999999999996,-0.19999999999999996,-0.19999999999999996
-0.19999999999999996,-0.19999999999999996,-0.19999999999999996
-0.19999999999999996,-0.19999999999999996,-0.19999999999999996
-0.19999999999999996,-0.19999999999999996,-0.19999999999999996
-0.19999999999999996,-0.19999999999999996,-0.19999999999999996
-0.09999999999999998,-0.9,-0.9
-0.9,-0.9,0.6000000000000001
-0.09999999999999998,-0.09999999999999998,-0.09999999999999998
-0.09999999999999998,-0.09999999999999998,-0.09999999999999998
-0.19999999999999996,-0.19999999999999996,-0.19999999999999996
-0.19999999999999996,-0.19999999999999996,-0.19999999999999996
-0.19999999999999996,-0.19999999999999996,-0.19999999999999996
-0.19999999999999996,-0.19999999999999996,-0.19999999999999996
-0.19999999999999996,-0.19999999999999996,-0.19999999999999996
-0.19999999999999996,-0.19999999999999996,-0.19999999999999996
-0.19999999999999996,-0.19999999999999996,-0.19999999999999996
-0.19999999999999996,-0.19999999999999996,-0.19999999999999996
-0.19999999999999996,-0.19999999999999996,-0.19999999999999996
-0.19999999999999996,-0.19999999999999996,-0.19999999999999996
-0.19999999999999996,-0.19999999999999996,-0.19999999999999996
-0.19999999999999996,-0.19999999999999996,-0.19999999999999996
-0.19999999999999996,-0.19999999999999996,-0.19999999999999996
0.10000000000000009,0.10000000000000009,0.10000000000000009
0.10000000000000009,0.10000000000000009,0.10000000000000009
-0.09999999999999998,-0.09999999999999998,-0.09999999999999998
-0.09999999999999998,-0.09999999999999998,-0.09999999999999998
-0.09999999999999998,0.6000000000000001,0.6000000000000001
-0.09999999999999998,0.6000000000000001,0.6000000000000001
-0.09999999999999998,-0.09999999999999998,-0.09999999999999998
-0.09999999999999998,-0.09999999999999998,-0.09999999999999998
-0.09999999999999998,-0.09999999999999998,-0.09999999999999998
-0.09999999999999998,-0.09999999999999998,-0.09999999999999998
-0.09999999999999998,-0.09999999999999998,-0.09999999999999998
-0.09999999999999998,-0.09999999999999998,-0.09999999999999998
-0.09999999999999998,-0.09999999999999998,-0.09999999999999998
-0.09999999999999998,-0.09999999999999998,-0.09999999999999998
-0.09999999999999998,-0.09999999999999998,-0.09999999999999998
-0.09999999999999998,-0.09999999999999998,-0.09999999999999998
-0.09999999999999998,-0.09999999999999998,-0.09999999999999998
-0.09999999999999998,-0.09999999999999998,-0.09999999999999998
-0.09999999999999998,-0.09999999999999998,-0.09999999999999998
-0.09999999999999998,-0.09999999999999998,-0.09999999999999998
-0.29999999999999993,-0.29999999999999993,-0.29999999999999993
-0.29999999999999993,-0.29999999999999993,-0.29999999999999993
0.10000000000000009,0.10000000000000009,0.10000000000000009
0.10000000000000009,0.10000000000000009,0.10000000000000009
-0.09999999999999998,-0.09999999999999998,-0.09999999999999998
-0.09999999999999998,-0.09999999999999998,-0.09999999999999998
-0.09999999999999998,-0.09999999999999998,-0.09999999999999998
-0.19999999999999996,-0.19999999999999996,-0.19999999999999996
-0.19999999999999996,-0.19999999999999996,-0.19999999999999996
-0.19999999999999996,-0.19999999999999996,-0.19999999999999996
0.0,0.0,0.0
0.0,0.0,0.0
-0.09999999999999998,0.0,0.0
-0.09999999999999998,-0.09999999999999998,-0.09999999999999998
0.10000000000000009,0.10000000000000009,0.10000000000000009
0.10000000000000009,0.10000000000000009,0.10000000000000009
0.10000000000000009,0.10000000000000009,0.10000000000000009
-0.19999999999999996,-0.19999999999999996,0.10000000000000009
-0.19999999999999996,-0.19999999999999996,-0.19999999999999996
-0.8,0.10000000000000009,0.10000000000000009
0.10000000000000009,0.10000000000000009,0.10000000000000009
-0.19999999999999996,0.10000000000000009,-0.19999999999999996
-0.19999999999999996,-0.19999999999999996,-0.19999999999999996
-0.19999999999999996,-0.19999999999999996,0.0
0.0,0.0,0.0
0.0,0.0,0.0
0.0,0.0,0.0
0.0,0.0,0.0
-0.09999999999999998,-0.09999999999999998,-0.09999999999999998
-0.09999999999999998,-0.09999999999999998,-0.09999999999999998
-0.09999999999999998,-0.09999999999999998,-0.09999999999999998
-0.09999999999999998,-0.09999999999999998,-0.09999999999999998
-0.09999999999999998,-0.09999999999999998,-0.09999999999999998
-0.09999999999999998,-0.09999999999999998,-0.09999999999999998
0.0,0.0,0.0
0.0,-0.09999999999999998,0.0
-0.09999999999999998,-0.09999999999999998,-0.09999999999999998
-0.09999999999999998,-0.09999999999999998,-0.09999999999999998
-0.09999999999999998,-0.09999999999999998,-0.09999999999999998
-0.19999999999999996,-0.19999999999999996,-0.19999999999999996
-0.19999999999999996,-0.19999999999999996,-0.19999999999999996
-0.19999999999999996,-0.19999999999999996,-0.19999999999999996
-0.19999999999999996,-0.19999999999999996,-0.19999999999999996
-0.3999999999999999,-0.3999999999999999,-0.3999999999999999
-0.3999999999999999,-0.3999999999999999,-0.3999999999999999
-0.09999999999999998,-0.09999999999999998,-0.09999999999999998
-0.09999999999999998,-0.09999999999999998,-0.09999999999999998
-0.3999999999999999,-0.3999999999999999,-0.3999999999999999
-0.19999999999999996,-0.19999999999999996,-0.19999999999999996
0.0,0.0,0.0
0.0,0.0,0.0
0.0,0.0,0.0
-0.19999999999999996,-0.19999999999999996,0.0
-0.19999999999999996,-0.19999999999999996,-0.19999999999999996
-0.19999999999999996,-0.19999999999999996,-0.19999999999999996
-0.19999999999999996,-0.19999999999999996,-0.19999999999999996
-0.19999999999999996,-0.19999999999999996,-0.19999999999999996
-0.19999999999999996,-0.19999999999999996,-0.19999999999999996
-0.19999999999999996,-0.19999999999999996,-0.19999999999999996
-0.19999999999999996,-0.19999999999999996,-0.19999999999999996
0.0,0.0,0.0
0.0,0.0,0.0
-0.09999999999999998,-0.09999999999999998,0.0
-0.19999999999999996,-0.19999999999999996,-0.19999999999999996
-0.19999999999999996,-0.19999999999999996,-0.19999999999999996
-0.19999999999999996,-0.19999999999999996,-0.19999999999999996
-0.19999999999999996,-0.19999999999999996,-0.19999999999999996
-0.19999999999999996,-0.19999999999999996,-0.19999999999999996
-0.19999999999999996,-0.19999999999999996,-0.19999999999999996
-0.19999999999999996,-0.19999999999999996,-0.19999999999999996
-0.19999999999999996,-0.19999999999999996,-0.19999999999999996
-0.19999999999999996,-0.19999999999999996,-0.19999999999999996
-0.09999999999999998,-0.09999999999999998,-0.09999999999999998
-0.09999999999999998,-0.09999999999999998,-0.09999999999999998
-0.09999999999999998,-0.09999999999999998,-0.09999999999999998
